登錄號,ISBN
253708,9789864798087
253707,9789864798070
253706,9789864795277
253705,9789864795260
253704,9789864792795
253703,9789864792771
253702,9789864792146
253701,9789864792153
253700,9786267429846
253699,9786267429839
253698,9786263051195
253697,9789575034689
253696,9786264060011
253695,9786263059993
253694,9789576581687
253693,9786263582330
253692,9786264060196
253691,9786264060189
253690,9786267428900
253689,9786267428900
253688,9786263618282
253687,9786263616998
253686,9786263615465
253685,9786263614390
253684,9786263618725
253683,9786263584631
253682,9786263583443
253681,9786267188798
253680,9786267546024
253679,9786263556256
253678,9786263619852
253677,9786263559035
253676,9786263559028
253737,9786267281024
253736,9786267281017
253735,9786267281000
253734,9789862415924
253733,9789862415917
253732,9786263551787
253731,9789865256906
253730,9789865256890
253729,9789865256883
253728,9789865255848
253727,9789865255831
253726,9789865255824
253725,9789571381473
253724,9789575039585
253723,9789864796250
253722,9789861336978
253721,9789865252724
253720,9789864063444
253719,9789865528300
253718,9789860725469
253717,9789578842373
253716,9789864798223
253715,9789864798216
253714,9789864798209
253713,9789864798193
253712,9789865535605
253711,9789864792870
253710,9789864790951
253709,9789865535612
253780,9789573296386
253779,9786267388686
253778,9789570855371
253777,9789570854091
253776,9789570859508
253775,9786263583160
253774,9786263583177
253773,9786263582620
253772,9786263582613
253771,9786263582606
253770,9786263584464
253769,9786263584471
253768,9786263584488
253767,9789865576509
253766,9789864400775
253765,9789865070861
253764,9577622178
253763,9789860681581
253762,9789865076238
253761,9789862745014
253760,9789575215071
253759,9786263056794
253758,9789863383130
253757,9786267043004
253756,9789869677868
253755,9789863597391
253754,9789579529655
253753,9789864790838
253752,9789863843931
253751,9786263498198
253750,9789577627520
253749,9789864405640
253748,9786263491557
253747,9786263559288
253746,9786263553057
253745,9786263051058
253744,9789575036737
253743,9789575035273
253742,4717211035597
253741,9786264060486
253740,9786264060486
253739,9786264060448
253738,9786264060448
253781,9789869563079
253782,9789570871258
253783,9789869318075
253784,9789861898254
253785,9789869333986
253787,9789575030667
253786,9789869549110
